feature,bucket,n,coverage_pct,win_rate,expectancy_r,lift_r,t_stat,coins_positive,years_positive
atr_pct,1.08..311,319343,12.500004892860064,0.34300109913165466,-0.08469043615059824,0.22002011162123886,-35.10175530578955,0.0,0.0
dist_low_20,3.14..1.08e+03,319309,12.498674034922495,0.33678662361536943,-0.12314059988961897,0.18156994788221814,-50.9801947074234,0.0,0.0
dist_high_20,3.07..237,319310,12.498713177803012,0.33760608812752496,-0.12677479943180325,0.17793574834003384,-52.8507498633149,0.0,0.0
dd_30d,-87..-33.6,319179,12.493585460455318,0.3380767531698514,-0.13320768285068288,0.1715028649211542,-54.181078379644866,0.0,0.0
bb_width_pctile,0.879..1,317697,12.435575711529497,0.34907159966886686,-0.1343838053721339,0.1703267423997032,-55.536933203959556,0.0,0.0
ret_96,-59.3..-4.32,319176,12.493468031813768,0.33787941449231773,-0.14479776972270567,0.15991277804913143,-59.682972958360445,0.0,0.0
ret_16,1.63..135,319295,12.498126034595261,0.3304279741305063,-0.15493750526542202,0.14977304250641507,-63.54113367347001,0.0,0.0
ema200_rel,-58.9..-3.06,319343,12.500004892860064,0.33363812577698587,-0.15660421972348212,0.14810632804835497,-64.98695089974139,0.0,0.0
ret_1d_5,-59..-9.87,318426,12.464110871426206,0.33170658174897777,-0.16040549700969023,0.14430505076214686,-65.5034093861345,0.0,0.0
ema50_rel,1.38..81.8,319343,12.500004892860064,0.326658170055395,-0.1620720656595249,0.1426384821123122,-66.40831663827286,0.0,0.0
ema20_rel,0.822..56.3,319343,12.500004892860064,0.3274128444963566,-0.16465270456815903,0.14005784320367806,-67.51013311973402,0.0,0.0
ret_4,-55.6..-0.812,319336,12.499730892696448,0.32991269383971744,-0.1653966959546686,0.1393138518171685,-68.27546808204717,0.0,0.0
ret_4,0.803..56.6,319334,12.499652606935413,0.32740328308291633,-0.17030913524384864,0.13440141252798846,-70.14829054527918,0.0,0.0
ema50_rel,-56.1..-1.44,319343,12.500004892860064,0.33035012510059714,-0.17041238168483824,0.13429816608699885,-71.18132599872013,0.0,0.0
atr_pct,0.807..1.08,319343,12.500004892860064,0.32197668337806057,-0.1714481264141371,0.1332624213577,-71.2667110982306,0.0,0.0
ret_16,-56.7..-1.65,319320,12.49910460660818,0.328673431040962,-0.17295443479547865,0.13175611297635845,-72.18099668167675,0.0,0.0
ema20_rel,-52.7..-0.856,319343,12.500004892860064,0.32860591902750336,-0.1745789780301047,0.1301315697417324,-72.71688181462792,0.0,0.0
ema200_rel,2.88..135,319343,12.500004892860064,0.32033268303986623,-0.17548765475672548,0.1292228930151116,-72.0653887445875,0.0,0.0
btc_ret_24h,-19.8..-2.55,295347,11.560732331980164,0.33397664442164643,-0.1794174594393516,0.12529308833248548,-71.26248370000398,0.0,0.0
ret_96,4.36..234,319175,12.49342888893325,0.3148022244850004,-0.19472861391538368,0.10998193385645341,-80.40131284655033,0.0,0.0
atr_pct,0.658..0.807,319343,12.500004892860064,0.31996317439242444,-0.19846579406119927,0.10624475371063782,-81.98620283710535,0.0,0.0
dist_low_20,2.04..3.14,319309,12.498674034922495,0.3209962763342092,-0.2015161386023562,0.10319440916948089,-83.3459172875201,0.0,0.0
ret_1d_5,10.2..392,318330,12.460353154896598,0.3135331260013194,-0.2037413455882267,0.10096920218361038,-84.05254275727276,0.0,0.0
dist_high_20,1.96..3.07,319309,12.498674034922495,0.31704399186994414,-0.21211542945315162,0.09259511831868547,-88.00539659259347,0.0,0.0
bb_width_pctile,0.751..0.879,318987,12.486070027396103,0.32750550962891906,-0.21229949449276228,0.09241105327907481,-87.3833982460444,0.0,0.0
dow,4,365509,14.307075114796282,0.3430503763245228,-0.21531111049483428,0.08939943727700281,-94.60023365147646,0.0,0.0
up_from_low_30d,48..4.31e+03,319173,12.493350603172217,0.30236580161855797,-0.22140416483340178,0.08330638293843531,-92.4289751904163,0.0,0.0
btc_ret_24h,2.72..19.8,295296,11.55873604507381,0.32212085500650195,-0.22201411950910047,0.08269642826273663,-87.13115811383516,0.0,0.0
atr_pct,0.551..0.658,319342,12.499965749979548,0.31369190397755387,-0.23984039662324547,0.06487015114859163,-99.12521373672712,0.0,0.0
dist_low_20,1.46..2.04,319310,12.498713177803012,0.31455012370423724,-0.24642886970782502,0.05828167806401208,-102.01559812662248,0.0,0.0
dd_30d,-33.6..-25.7,319182,12.493702889096868,0.3125364212267609,-0.2465679390911686,0.058142608680668506,-102.42640858325788,0.0,0.0
hour,18,106482,4.16801220318443,0.32692849495689413,-0.24831906085957697,0.05639148691226012,-59.010129982832346,0.0,0.0
dist_high_20,1.39..1.96,319310,12.498713177803012,0.3131846794650966,-0.24920051739867397,0.05551003037316313,-103.08763935582061,0.0,0.0
btc_ret_24h,-2.55..-1.27,295339,11.56041918893603,0.32291705463890646,-0.24983571028861865,0.05487483748321845,-98.66886126947313,0.0,0.0
up_from_low_30d,31.2..48,319179,12.493585460455318,0.30783040237609616,-0.2507150061053431,0.05399554166649401,-103.78726859077908,0.0,0.0
rsi_1h,63.2..100,319335,12.49969174981593,0.3217592810058403,-0.25273605164073226,0.05197449613110483,-102.75093919546704,0.0,0.0
hour,2,106365,4.163432486163971,0.3275983641235369,-0.2534104600966264,0.051300087675210715,-59.240244676969716,0.0,0.0
hour,3,106372,4.163706486327587,0.3289023427217689,-0.2535698318476522,0.0511407159241849,-59.06240253106805,0.0,0.0
ema200_rel,1.36..2.88,319343,12.500004892860064,0.3180279511371785,-0.25557438594587206,0.04913616182596503,-104.53221878011776,0.0,0.0
up_from_low_30d,17.3..23,319181,12.49366374621635,0.32421416061733,-0.257093521632025,0.04761702613981211,-104.9750364374846,0.0,0.0
hour,17,106493,4.1684427748701145,0.323091658606669,-0.2571158375250114,0.04759471024682571,-61.478196394483504,0.0,0.0
hour,19,106459,4.167111916932544,0.32426567974525405,-0.2593210566782588,0.045389491093578316,-61.47807738068357,0.0,0.0
consec_up,5,46782,1.8311822363345354,0.32315847975717155,-0.2629869311676109,0.04172361660422619,-40.921193497807316,0.0,0.0
ema50_rel,0.654..1.38,319343,12.500004892860064,0.31474308189000544,-0.26417059100594664,0.04053995676589045,-108.42984812033656,0.0,0.0
hour,15,106492,4.168403631989597,0.32075648875032864,-0.26601480910593195,0.038695738665905144,-63.50112165910583,0.0,0.0
hour,20,106462,4.1672293455740945,0.3228945539253443,-0.26746798611034034,0.037242561661496754,-63.31456738581533,0.0,0.0
btc_ret_24h,-1.27..-0.496,295369,11.561593475351533,0.32272174805074333,-0.2674912196217315,0.03721932815010559,-105.24406922039243,0.0,0.0
hour,16,106495,4.168521060631147,0.3196112493544298,-0.26752513134177247,0.03718541643006462,-64.21130744045965,0.0,0.0
dow,2,364600,14.271494236406559,0.3183406472846956,-0.2684400302007841,0.036270517571052985,-117.56812255540736,0.0,0.0
up_from_low_30d,23..31.2,319173,12.493350603172217,0.31215359695212314,-0.2688226937416519,0.035887854030185184,-110.97097923903927,0.0,0.0
ret_4,0.391..0.803,319338,12.49980917845748,0.3135768370817128,-0.2692617038918989,0.035448843879938186,-111.21931954971052,0.0,0.0
ema20_rel,0.394..0.822,319343,12.500004892860064,0.31345919591160604,-0.2694548024526708,0.03525574531916631,-111.00253318938385,0.0,0.0
bb_width_pctile,0.62..0.751,317931,12.444735145570416,0.31292009901519513,-0.27012459961477064,0.03458594815706645,-111.41499197965076,0.0,0.0
ret_1d_5,4.78..10.2,318280,12.45839601087076,0.31463491265552346,-0.2717864421655696,0.03292410560626752,-111.3927994006977,0.0,0.0
ret_4,-0.812..-0.391,319336,12.499730892696448,0.31214770649096873,-0.2721075735267349,0.03260297424510217,-112.48588259428647,0.0,0.0
rsi,62.6..100,319343,12.500004892860064,0.3198692315159562,-0.273767354431643,0.030943193340194075,-111.26692195212705,0.0,0.0
ret_16,-1.65..-0.793,319310,12.498713177803012,0.3100184773417682,-0.2745881982530256,0.030122349518811486,-113.85850389613196,0.0,0.0
wick_lower_pct,8.7..16.3,318800,12.47875030873947,0.3163770388958595,-0.2752530304799874,0.0294575172918497,-112.89511225503583,0.0,0.0
ret_16,0.781..1.63,319173,12.493350603172217,0.31103508128820423,-0.27611322025445395,0.028597327517383142,-114.03132521544347,0.0,0.0
hour,1,106469,4.167503345737712,0.31980200809625337,-0.27746224470963876,0.02724830306219833,-65.47167307531387,0.0,0.0
consec_down,4,58973,2.308373092714218,0.3171112203889916,-0.27782000061889023,0.026890547152946864,-48.85650344368669,0.0,0.0
dist_high_20,1..1.39,319309,12.498674034922495,0.3112878121192951,-0.2801691979917323,0.024541349780104804,-115.6215480454671,0.0,0.0
dow,0,364564,14.270085092707955,0.3121756399425067,-0.2802329269111955,0.02447762086064159,-122.80870178066938,0.0,0.0
consec_down,5,44316,1.7346558929802331,0.31494268435779404,-0.28053130377231933,0.024179243999517763,-42.974348637239764,0.0,0.0
consec_down,3,136271,5.334039470897856,0.3170667273300996,-0.28070026358450845,0.024010284187328645,-75.05171815640222,0.0,0.0
ema20_rel,-0.856..-0.405,319343,12.500004892860064,0.30822657769232453,-0.2811422409555966,0.023568306816240503,-116.86328364421601,0.0,0.0
hour,14,106491,4.168364489109081,0.31644927740372425,-0.281281460267575,0.02342908750426209,-66.80135567541808,0.0,0.0
ret_96,2.07..4.36,319157,12.49272431708395,0.30934931710725444,-0.2815088065264682,0.02320174124536889,-116.1251526429131,0.0,0.0
ret_96,-4.32..-2.24,319174,12.493389746052735,0.30883467951650195,-0.28284824382867013,0.02186230394316696,-117.85443330845109,0.0,0.0
dist_low_20,1.08..1.46,319310,12.498713177803012,0.31108014155522845,-0.2830119404380865,0.02169860733375062,-117.06824532241309,0.0,0.0
btc_trend_1h,1,801483,31.37235330520526,0.31623627700150847,-0.2831854542105876,0.021525093561249486,-182.84100731529912,0.0,0.0
rsi_1h,-0.001..36.5,319341,12.499926607099031,0.31284113220663806,-0.28320685850916094,0.02150368926267615,-118.83600456122521,0.0,0.0
wick_upper_pct,7.14..14.3,322176,12.610896673364014,0.3140115961462058,-0.28363595619696075,0.021074591574876345,-117.29670816849307,0.0,0.0
trend_1h,1,746760,29.230337454687223,0.31722507900798114,-0.284104967590167,0.02060558018167008,-176.57943675466356,0.0,0.0
hour,21,106459,4.167111916932544,0.3184888078978762,-0.2851629566474677,0.01954759112436938,-67.54742118744633,0.0,0.0
wick_lower_pct,16.3..23.8,318754,12.4769497362357,0.3144838966726692,-0.28609540195083183,0.018615145821005263,-117.50370503549675,0.0,0.0
hour,4,106359,4.163197628880869,0.319784879511842,-0.2867246342477635,0.017985913524073582,-67.17469926030701,0.0,0.0
body_pct,36.1..48.6,318769,12.47753687944345,0.3132393676925924,-0.2872208994712147,0.017489648300622385,-118.18554688744247,0.0,0.0
ema_stack,1,879319,34.41907855310691,0.316905468891267,-0.2874906855080963,0.01721986226374078,-193.8985318208517,0.0,0.0
consec_down,2,303036,11.861701940273445,0.31611425705196744,-0.2878169653986177,0.016893582373219418,-114.84696266286844,0.0,0.0
atr_pct,0.461..0.551,319343,12.500004892860064,0.30754705755253753,-0.2880716745426843,0.016638873229152806,-119.43140305207868,0.0,0.0
wick_upper_pct,14.3..21.5,315204,12.337992510401241,0.3134351086915141,-0.28980050925901757,0.014910038512819523,-118.43310088081031,0.0,0.0
body_pct,67.4..80.2,318795,12.478554594336886,0.3148637839363855,-0.2902953834406182,0.014415164331218866,-119.0462568915657,0.0,0.0
consec_up,4,60762,2.3783997059586817,0.3145386919456239,-0.29042881281701133,0.014281734954825764,-51.96615444706101,0.0,0.0
wick_upper_pct,21.5..30,318819,12.479494023469288,0.31365759255251413,-0.29054568399412006,0.01416486377771703,-119.39564650791037,0.0,0.0
vol_ratio,1.71..18.8,319310,12.498713177803012,0.3151764742726504,-0.2907438184505367,0.013966729321300386,-118.8459222839558,0.0,0.0
consec_up,3,137694,5.389739789873189,0.314864845236539,-0.2926511792884581,0.012059368483379018,-78.83805836371619,0.0,0.0
btc_trend_1h,0,1562167,61.14771622820769,0.31166706248435666,-0.29384178538666195,0.010868762385175146,-268.57172962576993,0.0,0.0
wick_upper_pct,52.6..100,318780,12.477967451129135,0.31406926406926405,-0.2946302054996439,0.010080342272193177,-120.80693311614948,0.0,0.0
bb_pos,-0.583..0.106,319310,12.498713177803012,0.31410228304782184,-0.29500368833557045,0.009706859436266646,-121.1096790848966,0.0,0.0
rsi,-0.001..37.3,319343,12.500004892860064,0.3118465098655677,-0.29594699059876534,0.008763557173071757,-123.11953248125452,0.0,0.0
dd_30d,-25.7..-20.5,319169,12.49319403165015,0.3057784433951919,-0.29680729299192915,0.007903254779907942,-123.54332274474878,0.0,0.0
ema50_rel,-1.44..-0.701,319343,12.500004892860064,0.3025054565154082,-0.2971777772271924,0.007532770544644685,-124.54453740096365,0.0,0.0
bb_pos,0.503..0.636,319309,12.498674034922495,0.31504905906191183,-0.29724878772314833,0.007461760048688759,-121.8595188682586,0.0,0.0
ret_1d_5,-9.87..-5.37,318332,12.460431440657631,0.3060515436713871,-0.2977557464093175,0.00695480136251958,-123.82390520907217,0.0,0.0
wick_upper_pct,30..40,326715,12.788566208029536,0.3132332461013421,-0.2991936916972565,0.005516856074580578,-124.38194692643465,0.0,0.0
bb_width_pctile,0.49..0.62,318960,12.48501316962215,0.3084556057185854,-0.29950234107860063,0.005208206693236461,-123.53169606595131,0.0,0.0
wick_lower_pct,23.8..33.3,318944,12.484386883533881,0.3123275559345841,-0.3006128912121795,0.004097656559657603,-123.71936645891263,0.0,0.0
vol_ratio,0.545..0.672,319309,12.498674034922495,0.31279418995393177,-0.30198654816726805,0.0027239996045690384,-124.16615533471808,0.0,0.0
bb_pos,0.892..1.59,319310,12.498713177803012,0.3131157809025712,-0.30237322838958974,0.0023373193822473493,-123.38182406668294,0.0,0.0
vol_ratio,0.408..0.545,319310,12.498713177803012,0.31226707588237135,-0.30255972711494006,0.0021508206568970345,-124.91439290491721,0.0,0.0
dow,1,364562,14.270006806946922,0.3050729368392756,-0.302778729187802,0.0019318185840350721,-133.43960157534832,0.0,0.0
up_from_low_30d,12.6..17.3,319177,12.493507174694285,0.31765446758381716,-0.30288083222492224,0.0018297155469148563,-123.97139725251297,0.0,0.0
above_ema20_1d,1,1102194,43.143048048277265,0.31240416841318314,-0.3029543135177177,0.0017562342541194154,-230.72974001992378,0.0,0.0
body_pct,57.1..67.4,317134,12.413538269798567,0.3124420591926441,-0.30322555797691597,0.001484989794921121,-124.22042920078216,0.0,0.0
vol_ratio,-0.001..0.408,319310,12.498713177803012,0.3133099495787792,-0.30328232401304905,0.0014282237587880386,-125.87479831772816,0.0,0.0
body_pct,25..36.1,310979,12.172613840217979,0.31267063049273425,-0.30375236836191793,0.0009581794099191576,-123.26082888796401,0.0,0.0
body_pct,12..25,326645,12.785826206393363,0.3098807573971743,-0.30379386011099674,0.000916687660840354,-126.78831556078002,0.0,0.0
bullish,0,1349435,52.82077297011872,0.31304731239370553,-0.30421329519925255,0.0004972525725845389,-256.60721328822905,0.0,0.0
consec_up,0,1347419,52.74186092299695,0.312970204516932,-0.30438408340491363,0.00032646436692346237,-256.5807183651749,0.0,0.0
trend_4h,1,1067231,41.77449551677018,0.31278514211075203,-0.3045717916038963,0.00013875616794079004,-228.39273562540777,0.0,0.0
trend_4h,0,1487314,58.217754192887504,0.31210961505102486,-0.3048786314818455,-0.00016808371000842648,-270.6061757823824,0.0,0.0
bullish,1,1205308,47.17922702988128,0.31169709319111794,-0.3052672602679663,-0.000556712496129208,-243.96952750462106,0.0,0.0
ema200_rel,-3.06..-1.57,319343,12.500004892860064,0.300244564621739,-0.3059306178257962,-0.0012200700539591325,-128.7896154903206,0.0,0.0
bb_pos,0.636..0.758,319310,12.498713177803012,0.31223575835395073,-0.3060200701548212,-0.0013095223829840963,-125.5663269661607,0.0,0.0
rsi,57.3..62.6,319343,12.500004892860064,0.31259179001888254,-0.3062457274738158,-0.001535179701978695,-125.1455801211479,0.0,0.0
above_ema20_1d,0,1451343,56.80974563781954,0.31232520499978295,-0.30632695631955603,-0.0016164085477189394,-268.73355780667623,0.0,0.0
bb_pos,0.369..0.503,319310,12.498713177803012,0.312201309072688,-0.3069109213264639,-0.002200373554626822,-126.34755271316672,0.0,0.0
rsi,50..53.5,319342,12.499965749979548,0.3134977547582216,-0.30697115364232913,-0.0022606058704920384,-125.63054668431597,0.0,0.0
consec_down,1,653960,25.59787814273295,0.31145941647807207,-0.30743153056117206,-0.002720982789334969,-180.908347410825,0.0,0.0
wick_lower_pct,33.3..42,318637,12.47237001921524,0.310729764591055,-0.30786884846727386,-0.0031583006954367665,-126.70531855766238,0.0,0.0
vol_ratio,1.23..1.71,319309,12.498674034922495,0.3119642728516891,-0.30793492028771774,-0.003224372515880647,-125.98342705368654,0.0,0.0
bb_pos,0.106..0.244,319310,12.498713177803012,0.3105853246061821,-0.3089997689873509,-0.004289221215513783,-127.58209458224368,0.0,0.0
vol_ratio,0.808..0.978,319309,12.498674034922495,0.3117826306179907,-0.30909664173125445,-0.004386093959417359,-126.61578550247836,0.0,0.0
wick_upper_pct,40..52.6,310877,12.168621266405271,0.3114897531821267,-0.30933437018929066,-0.004623822417453571,-125.52484098839003,0.0,0.0
vol_ratio,0.672..0.808,319310,12.498713177803012,0.310914158654599,-0.30938012408733073,-0.00466957631549364,-126.99093615658333,0.0,0.0
consec_up,1,655131,25.64371445581806,0.3110874008404426,-0.30940817834499607,-0.004697630573158973,-182.34838896936728,0.0,0.0
wick_lower_pct,-0.001..8.7,637651,24.959496904385293,0.3142283161164963,-0.3094280005492202,-0.004717452777383113,-178.5927684710594,0.0,0.0
body_pct,48.6..57.1,320464,12.54388406191934,0.3131147336362275,-0.3095733521271227,-0.004862804355285633,-127.25718419977444,0.0,0.0
bb_pos,0.244..0.369,319309,12.498674034922495,0.3103013068845538,-0.3100362562532394,-0.0053257084814022915,-128.1078541002545,0.0,0.0
consec_up,2,306955,12.015102889018582,0.3096154159404473,-0.31071313633056785,-0.006002588558730759,-125.673812902119,0.0,0.0
ema_stack,-1,943554,36.933421483100254,0.3092138870695265,-0.31098666156754085,-0.006276113795703753,-221.9525923375572,0.0,0.0
hour,22,106456,4.166994488290994,0.3104756894867363,-0.3111922630223841,-0.006481715250547027,-74.03503788940262,0.0,0.0
rsi,42.6..46.5,319343,12.500004892860064,0.31101981255264716,-0.31132366722970833,-0.0066131194578712416,-128.27935656651604,0.0,0.0
bb_pos,0.758..0.892,319309,12.498674034922495,0.3115039037421432,-0.3114926517748998,-0.006782104003062728,-127.68307878324663,0.0,0.0
consec_down,0,1358187,53.1633514604013,0.31128776817919773,-0.3115352330132373,-0.00682468524140023,-264.1517918552631,0.0,0.0
rsi,46.5..50,319343,12.500004892860064,0.31170872698008095,-0.31159491613556684,-0.006884368363729743,-128.0182734909331,0.0,0.0
rsi_1h,36.5..42,319336,12.499730892696448,0.3078325024425683,-0.31256367871677154,-0.00785313094493445,-129.63757930162242,0.0,0.0
vol_ratio,0.978..1.23,319310,12.498713177803012,0.31088597287902037,-0.31310126984590547,-0.00839072207406838,-128.2241951920079,0.0,0.0
rsi_1h,49.7..53.4,319334,12.499652606935413,0.3151246030801606,-0.3131056464986737,-0.00839509872683658,-127.51609717925466,0.0,0.0
trend_1h,0,1807941,70.76801854433107,0.3104149969495686,-0.3132356149621151,-0.008525067190278013,-307.59186565536055,0.0,0.0
rsi,37.3..42.6,319343,12.500004892860064,0.30905327500524515,-0.3134333667670851,-0.008722818995248016,-129.67085109767214,0.0,0.0
rsi_1h,57.5..63.2,319340,12.499887464218514,0.30895284023298053,-0.3145628373011128,-0.009852289529275693,-128.73494544464344,0.0,0.0
hour,0,106493,4.1684427748701145,0.3080953677706516,-0.315159102397005,-0.010448554625167916,-74.9747245073336,0.0,0.0
body_pct,80.2..100,318798,12.478672022978436,0.3138099988080226,-0.31597636686290376,-0.011265819091066664,-128.70212302118725,0.0,0.0
rsi_1h,42..46.1,319339,12.499848321337998,0.3104976216497202,-0.3171606646333204,-0.012450116861483285,-130.63301183351865,0.0,0.0
ema_stack,0,731870,28.647499963792836,0.31113039200950987,-0.31730827658911087,-0.012597728817273779,-197.27188041118166,0.0,0.0
hour,23,106458,4.167072774052028,0.3091453906704992,-0.317592789544763,-0.012882241772925906,-75.44240219941211,0.0,0.0
dd_30d,-20.5..-16.2,319182,12.493702889096868,0.3051143234894198,-0.31770802074091353,-0.01299747296907644,-132.11861855788632,0.0,0.0
rsi,53.5..57.3,319343,12.500004892860064,0.3096952179944448,-0.31840121297470847,-0.013690665202871377,-130.55447957192203,0.0,0.0
hour,5,106373,4.163745629208104,0.3104171171255864,-0.3188603213983876,-0.01414977362655051,-75.07410460759554,0.0,0.0
wick_lower_pct,42..55.6,318802,12.478828594500504,0.3100796105419665,-0.31978331597896237,-0.015072768207125276,-131.5051936715896,0.0,0.0
ret_96,-2.24..-0.984,319203,12.49452488958772,0.3133648493278572,-0.32044972474958955,-0.015739176977752456,-131.90424197346542,0.0,0.0
dist_high_20,0.708..1,319310,12.498713177803012,0.307149791738436,-0.3211206438579497,-0.016410096086112602,-132.61799382973848,0.0,0.0
dist_low_20,0.777..1.08,319310,12.498713177803012,0.3075475243493783,-0.3213581021848683,-0.01664755441303123,-132.9107938855221,0.0,0.0
rsi_1h,53.4..57.5,319335,12.49969174981593,0.31104952479371195,-0.32150410857592887,-0.01679356080409178,-131.30060455907923,0.0,0.0
dow,3,365760,14.316899977805987,0.2993766404199475,-0.32169865544497706,-0.016988107673139963,-143.222368314309,0.0,0.0
body_pct,-0.001..12,318798,12.478672022978436,0.3097886435924943,-0.32262238444229707,-0.01791183667045998,-132.5821325674798,0.0,0.0
rsi_1h,46.1..49.7,319341,12.499926607099031,0.31118772722575555,-0.3229238156362928,-0.018213267864455707,-132.3347435866897,0.0,0.0
wick_lower_pct,55.6..100,318794,12.478515451456369,0.30728934672547165,-0.32802688761126747,-0.023316339839430378,-135.30071738243936,0.0,0.0
bb_width_pctile,0.36..0.49,318682,12.474131448838493,0.30366635078228454,-0.3292877498027426,-0.02457720203090552,-135.79450069339808,0.0,0.0
btc_ret_24h,-0.496..0.0407,295316,11.559518902684145,0.3124517466036381,-0.3312991401734553,-0.026588592401618205,-130.6050612787107,0.0,0.0
hour,6,106407,4.165076487145674,0.3072636198746323,-0.33228741047505345,-0.027576862703216354,-78.53438129817494,0.0,0.0
wick_upper_pct,-0.001..7.14,637811,24.965759765267975,0.3099005818338034,-0.33482137426210473,-0.03011082649026764,-193.94481787822588,0.0,0.0
ema200_rel,0.541..1.36,319343,12.500004892860064,0.3160144421515424,-0.3360255623167979,-0.03131501454496083,-136.8826847734674,0.0,0.0
up_from_low_30d,8.62..12.6,319169,12.49319403165015,0.3163245803947125,-0.33650669259646276,-0.03179614482462567,-137.64024135265063,0.0,0.0
atr_pct,0.373..0.461,319343,12.500004892860064,0.3031004280663738,-0.34064784112960816,-0.03593729335777107,-141.55741232875602,0.0,0.0
hour,13,106440,4.166368202202727,0.30043216835776027,-0.34111983974378013,-0.036409291971943036,-81.47182036607856,0.0,0.0
btc_ret_24h,0.571..1.34,295337,11.560340903174996,0.3017231163044251,-0.3422200234650212,-0.03750947569318408,-135.71233725391662,0.0,0.0
ret_16,-0.793..-0.331,319358,12.500592036067816,0.3069188810050163,-0.3426156835887967,-0.03790513581695959,-141.25478818626692,0.0,0.0
ema50_rel,0.272..0.654,319343,12.500004892860064,0.31121396116401484,-0.3436489997550865,-0.03893845198324941,-140.6860501148172,0.0,0.0
hour,7,106383,4.164137058013272,0.3034413393117321,-0.344975793195476,-0.04026524542363891,-81.7200339659266,0.0,0.0
btc_ret_24h,1.34..2.72,295356,11.561084617904815,0.2933747748479801,-0.34544724128342896,-0.04073669351159187,-138.51399797534626,0.0,0.0
ret_1d_5,-5.37..-2.52,318384,12.462466870444503,0.3085142469470828,-0.3464199859169233,-0.04170943814508621,-142.82739766106684,0.0,0.0
dd_30d,-16.2..-12.2,319172,12.4933114602917,0.30072813404684623,-0.34751968695475915,-0.04280913918292206,-144.72563130598851,0.0,0.0
ret_4,-0.391..-0.163,319347,12.500161464382131,0.30529799872865565,-0.34913368461094996,-0.044423136839112864,-144.14244050105074,0.0,0.0
ema20_rel,0.168..0.394,319343,12.500004892860064,0.3077318118762584,-0.34957969506087644,-0.044869147289039346,-143.8157108124006,0.0,0.0
ema20_rel,-0.405..-0.168,319343,12.500004892860064,0.3040617768355655,-0.3509267069365674,-0.04621615916473032,-145.21304265365055,0.0,0.0
ret_4,0.167..0.391,319336,12.499730892696448,0.3059442092341609,-0.3515242459628879,-0.0468136981910508,-145.20772657708744,0.0,0.0
hour,8,106395,4.164606772579472,0.30027726866864046,-0.35313215053663766,-0.048421602764800564,-83.96937751570509,0.0,0.0
ret_1d_5,1.78..4.78,318368,12.461840584356235,0.31108025932254496,-0.3539678037426725,-0.04925725597083541,-144.65934866006904,0.0,0.0
dow,5,365429,14.303943684354943,0.3110617931253404,-0.3572261091140988,-0.05251556134226171,-156.72807575825485,0.0,0.0
ret_16,0.332..0.781,319471,12.505015181566208,0.30531096719264034,-0.35723726563461156,-0.052526717862774464,-147.3331263206695,0.0,0.0
ema50_rel,-0.701..-0.299,319343,12.500004892860064,0.3006265989860432,-0.35779873546141033,-0.05308818768957324,-148.77142044112904,0.0,0.0
ema200_rel,-1.57..-0.716,319343,12.500004892860064,0.30051386753428133,-0.35836453489949704,-0.05365398712765995,-149.38147505464556,0.0,0.0
dist_high_20,0.463..0.708,319307,12.498595749161462,0.3067236233468104,-0.35875837052946374,-0.05404782275762665,-147.62978032616957,0.0,0.0
hour,9,106482,4.16801220318443,0.2981818523318495,-0.3591846168362626,-0.054474069064425534,-85.70892428647072,0.0,0.0
bb_width_pctile,0.233..0.36,318077,12.45045000612586,0.3000154050748718,-0.3595736909618796,-0.054863143190042485,-148.17493669170116,0.0,0.0
dd_30d,-12.2..-8.28,319176,12.493468031813768,0.3042897962252801,-0.36101143812839265,-0.056300890356555555,-149.12074893542498,0.0,0.0
dist_low_20,0.524..0.777,319309,12.498674034922495,0.3053249360337479,-0.36297063796120277,-0.058260090189365676,-149.9285151194303,0.0,0.0
hour,10,106483,4.168051346064947,0.29633838265263,-0.36439159731732257,-0.059681049545485476,-86.93800639171434,0.0,0.0
dd_30d,-8.28..-4.52,319176,12.493468031813768,0.3122258565806953,-0.3655265878773465,-0.060816040105509395,-148.86361078053054,0.0,0.0
dd_30d,-4.52..0,319177,12.493507174694285,0.3200731882309816,-0.3708787225872366,-0.0661681748153995,-148.61728961807128,0.0,0.0
hour,11,106492,4.168403631989597,0.2951677121286106,-0.3712455376187517,-0.06653498984691458,-88.70464989778787,0.0,0.0
ret_96,0.849..2.07,319191,12.494055175021519,0.30177855891926775,-0.37404133446834475,-0.06933078669650766,-154.42167796126816,0.0,0.0
hour,12,106483,4.168051346064947,0.2900556896405999,-0.3805181573666053,-0.07580760959476823,-91.44051770447805,0.0,0.0
bb_width_pctile,0.109..0.233,318652,12.472957162422992,0.301080802882141,-0.38173835913423554,-0.07702781136239845,-156.38468286562426,0.0,0.0
btc_ret_24h,0.0407..0.571,295330,11.560066903011379,0.29621101818304946,-0.38517752812416756,-0.08046698035233046,-153.4776094986126,0.0,0.0
dow,6,364319,14.260495086981352,0.29775004872103844,-0.3873968125998811,-0.08268626482804403,-169.1111789678308,0.0,0.0
up_from_low_30d,5.06..8.62,319176,12.493468031813768,0.31024889089405217,-0.38944869223440143,-0.08473814446256434,-159.70537797474225,0.0,0.0
ret_96,-0.984..-0.0475,319149,12.492411174039816,0.3116444043377858,-0.3943009460251936,-0.08959039825335652,-160.72641281569233,0.0,0.0
ret_1d_5,-2.52..-0.369,318272,12.458082867826628,0.30609667202895635,-0.3971384696686665,-0.09242792189682941,-163.2162281643201,0.0,0.0
up_from_low_30d,-0.001..5.06,319185,12.493820317738418,0.3080313924526529,-0.4123509523390369,-0.10764040456719981,-168.54222907006525,0.0,0.0
ret_1d_5,-0.369..1.78,318425,12.46407172854569,0.3062196749627071,-0.41359516190256074,-0.10888461413072364,-169.484043013628,0.0,0.0
ema50_rel,-0.299..-0.00923,319343,12.500004892860064,0.30629761729550986,-0.4137505028969841,-0.10903995512514703,-168.75212643959722,0.0,0.0
dist_high_20,0.241..0.463,319276,12.497382319865443,0.30301682556784726,-0.4153542810383708,-0.1106437332665337,-170.3368090315633,0.0,0.0
dist_low_20,0.288..0.524,319263,12.496873462418725,0.301488114814432,-0.4178449526934468,-0.1131344049216097,-171.82438249567753,0.0,0.0
ret_4,-0.163..0,351859,13.772774795742663,0.30347099264193894,-0.41963167880819535,-0.11492113103635826,-180.09404222851947,0.0,0.0
ema200_rel,-0.716..-0.0818,319343,12.500004892860064,0.3032538680979386,-0.4199651915083374,-0.1152546437365003,-172.17042432411293,0.0,0.0
ema20_rel,-0.168..0.00185,319343,12.500004892860064,0.30505443989691333,-0.4200569715641442,-0.11534642379230708,-171.41570750803638,0.0,0.0
ret_16,-0.331..0,337159,13.197374452146459,0.3031062495736433,-0.42367331528711694,-0.11896276751527984,-177.69278400013937,0.0,0.0
ema20_rel,0.00185..0.168,319342,12.499965749979548,0.3047297254980554,-0.42729266646380354,-0.12258211869196645,-173.98059995997417,0.0,0.0
ema50_rel,-0.00923..0.272,319342,12.499965749979548,0.3068872869838606,-0.42865371660297136,-0.12394316883113426,-173.61223030640295,0.0,0.0
ema200_rel,-0.0818..0.541,319342,12.499965749979548,0.3072567967883961,-0.42973260669591445,-0.12502205892407736,-174.2789331134178,0.0,0.0
atr_pct,0.271..0.373,319343,12.500004892860064,0.29463930632580015,-0.43262261542638203,-0.12791206765454494,-180.7321617451371,0.0,0.0
ret_16,0..0.332,301433,11.798955902805096,0.3036628371810651,-0.4366063544289778,-0.13189580665714074,-172.71610703774306,0.0,0.0
ret_4,0..0.167,286801,11.22621727508403,0.3012611532037894,-0.44276517964225764,-0.13805463187042055,-171.61670271602722,0.0,0.0
ret_96,-0.0475..0.849,319174,12.493389746052735,0.30115861567671554,-0.4465908045369719,-0.14188025676513483,-182.00213293002352,0.0,0.0
bb_width_pctile,-0.000653..0.109,318785,12.478163165531718,0.2950546606647113,-0.4574300719519137,-0.15271952418007662,-186.03860682905247,0.0,0.0
dist_high_20,-0.001..0.241,319346,12.500122321501614,0.3030819236815241,-0.4745848887843297,-0.1698743410124926,-191.60187597126293,0.0,0.0
dist_low_20,-0.001..0.288,319357,12.5005528931873,0.3013210920693769,-0.4818039932783745,-0.17709344550653738,-194.66873107283973,0.0,0.0
atr_pct,0.016..0.271,319343,12.500004892860064,0.2953626664746057,-0.6818972946905539,-0.37718674691871684,-278.8309775475225,0.0,0.0
