feature,bucket,n,coverage_pct,win_rate,expectancy_r,gross_r,lift_r,t_stat,coins_positive,years_positive
up_from_low_30d,48..inf,79769,12.493735042413762,0.3734282741415838,0.006728623460216561,0.0770751686264466,0.13295279994138465,1.355230591451833,0.5,0.5
dd_30d,-33.6..-25.7,79773,12.494361538172386,0.3672420493149311,-0.02957189828337424,0.0701394400676335,0.09665227819779386,-5.926260664525329,0.21428571428571427,0.3333333333333333
atr_pct,1.66..2.18,79809,12.5,0.3595709757044945,-0.03384881704886248,0.03724912511289852,0.09237535943230563,-6.883863579548732,0.14285714285714285,0.16666666666666666
dist_high_20,4.22..6.43,79775,12.494674786051698,0.3619178940770918,-0.04425789344840976,0.04636353074493332,0.08196628303275834,-8.969649027602234,0.2857142857142857,0.16666666666666666
up_from_low_30d,31.2..48,79769,12.493735042413762,0.362584462635861,-0.045683394057507015,0.05324358960442156,0.08054078242366108,-9.204791270236392,0.2857142857142857,0.0
ema200_rel,-6.51..-3.59,79809,12.5,0.3645328221127943,-0.047389930340438334,0.0674704427188683,0.07883424614072976,-9.48930274122775,0.2857142857142857,0.16666666666666666
dist_high_20,3.01..4.22,79776,12.494831409991354,0.3598701363818692,-0.05590607901468663,0.052520498487444736,0.07031809746648146,-11.245080393506383,0.21428571428571427,0.16666666666666666
ema50_rel,-3.02..-1.55,79809,12.5,0.3611246851858813,-0.0585524861138256,0.056113375090858675,0.0676716903673425,-11.777367516765585,0.21428571428571427,0.3333333333333333
ret_96,-inf..-8.81,79641,12.473687178137803,0.3505857535691415,-0.059987900669556345,0.016018053450010738,0.06623627581161176,-12.245792491442856,0.21428571428571427,0.5
ret_96,-8.81..-4.75,79641,12.473687178137803,0.36109541567785436,-0.0620814349495358,0.056237006483230254,0.0641427415316323,-12.454312670533472,0.07142857142857142,0.16666666666666666
ret_1d_5,10.2..inf,79563,12.461470510844642,0.3535940072646833,-0.06549885936311936,0.014069206662173725,0.06072531711804874,-13.371748515092087,0.21428571428571427,0.16666666666666666
dd_30d,-16.2..-12.2,79768,12.493578418474106,0.3694714672550396,-0.06610350732737888,0.07782861523083816,0.06012066915378922,-13.222772219485346,0.21428571428571427,0.16666666666666666
atr_pct,0.984..1.17,79809,12.5,0.35735318071896655,-0.06948519260322163,0.054877837853628306,0.05673898387794647,-13.887054847197614,0.07142857142857142,0.0
ret_16,-3.48..-1.76,79783,12.495927777568946,0.357670180364238,-0.07029187478291182,0.04643948827335245,0.055932301698256276,-14.155047995821983,0.21428571428571427,0.0
atr_pct,1.37..1.66,79809,12.5,0.35027377864651854,-0.07033534173349634,0.018575040145630228,0.055888834747671756,-14.279680540013985,0.07142857142857142,0.16666666666666666
ema20_rel,-1.8..-0.891,79809,12.5,0.3573155909734491,-0.0705876112373912,0.04562400664943438,0.0556365652437769,-14.22419071798247,0.14285714285714285,0.0
ema200_rel,-inf..-6.51,79809,12.5,0.3436830432657971,-0.07350434485978354,-0.00046904324826471455,0.052719831621384564,-15.06045489261114,0.21428571428571427,0.16666666666666666
dist_high_20,2.18..3.01,79776,12.494831409991354,0.3582656438026474,-0.0741612982192384,0.05094102929662161,0.05206287826192969,-14.876526767539243,0.07142857142857142,0.0
btc_ret_24h,0.0405..0.571,73814,11.561039481762709,0.36831766331590216,-0.07508427378445719,0.08524128390618661,0.05113990269671091,-14.271351997176657,0.3076923076923077,0.5
ret_4,-inf..-1.65,79802,12.498903632422408,0.34950251873386634,-0.07720307716176936,0.0033768223177928387,0.04902109931939874,-15.908746275975862,0.07142857142857142,0.0
ret_1d_5,-9.87..-5.37,79576,12.46350662206017,0.3552076002814919,-0.07746168481461549,0.04224154211876412,0.04876249166655261,-15.562020117763305,0.0,0.16666666666666666
ema50_rel,-inf..-3.02,79809,12.5,0.3442594193637309,-0.07865348602601223,-0.003158159526952004,0.04757069045515587,-16.16760853405674,0.07142857142857142,0.0
atr_pct,1.17..1.37,79809,12.5,0.34984776153065444,-0.0796998450649954,0.025890653891185837,0.046524331416172696,-16.068993087158507,0.0,0.0
atr_pct,2.18..inf,79809,12.5,0.34592589808167,-0.07994211128923055,-0.03426545501925096,0.046282065191937546,-16.885850945495925,0.14285714285714285,0.0
ret_16,-inf..-3.48,79781,12.495614529689634,0.3462102505609105,-0.08186060824038166,-0.005552657937864016,0.04436356824078644,-16.899242411501,0.07142857142857142,0.16666666666666666
ret_1d_5,-inf..-9.87,79565,12.461783758723953,0.3429774398290706,-0.08214553308519336,-0.003248624917606512,0.04407864339597474,-16.781005569810564,0.21428571428571427,0.16666666666666666
dd_30d,-25.7..-20.5,79762,12.492638674836172,0.3538777864145834,-0.0832277839940556,0.036858791249096044,0.0429963924871125,-16.764297424438226,0.0,0.0
ema50_rel,-1.55..-0.706,79809,12.5,0.36197671941760956,-0.0851369224467933,0.06350390779244167,0.0410872540343748,-17.010469438844442,0.21428571428571427,0.3333333333333333
dist_high_20,6.43..inf,79776,12.494831409991354,0.3458308263136783,-0.08588860172931638,-0.024427568435769164,0.04033557475185172,-18.007608717233516,0.07142857142857142,0.16666666666666666
up_from_low_30d,23..31.2,79767,12.49342179453445,0.35342936301979516,-0.08690173512271211,0.029143770481108763,0.03932244135845599,-17.58019066030563,0.21428571428571427,0.16666666666666666
vol_ratio,-inf..0.436,79776,12.494831409991354,0.36045928600080224,-0.08705371676867053,0.04500598126618949,0.039170459712497566,-17.630444688307385,0.0,0.0
bb_width_pctile,-inf..0.107,79970,12.525216454284605,0.37151431786920097,-0.08716044430197738,0.10777341870411039,0.03906373217919072,-16.961872321207785,0.6428571428571429,0.16666666666666666
dist_low_20,3.09..4.3,79775,12.494674786051698,0.34969602005640865,-0.0889294008659478,0.02113193749264248,0.037294775615220294,-18.01192741392917,0.07142857142857142,0.0
ema200_rel,-3.59..-1.84,79809,12.5,0.3610870954403639,-0.08956816620539669,0.05851009026221458,0.03665601027577141,-17.966086395632036,0.07142857142857142,0.16666666666666666
ema20_rel,-inf..-1.8,79809,12.5,0.3427182397975166,-0.09003613436890176,-0.012273384562786063,0.03618804211226634,-18.59512808885626,0.07142857142857142,0.0
btc_ret_24h,1.34..2.72,73810,11.560412986004085,0.3577699498712911,-0.09025882821967322,0.04343303815935281,0.035965348261494876,-17.423054721952575,0.0,0.16666666666666666
btc_trend_1h,0,390361,61.13987770802792,0.35601148680324113,-0.09043515434045452,0.038133767014139786,0.03578902214071358,-40.340190951898755,0.07692307692307693,0.0
rsi,42..46.1,79809,12.5,0.357841847410693,-0.09126829595342015,0.046707524438668525,0.03495588052774795,-18.33541710594174,0.21428571428571427,0.0
rsi_1h,42..46.1,79809,12.5,0.357841847410693,-0.09126829595342015,0.046707524438668525,0.03495588052774795,-18.33541710594174,0.21428571428571427,0.0
ret_4,-1.65..-0.796,79802,12.498903632422408,0.3506177790030325,-0.09178677103012296,0.027658107673768584,0.034437405451045136,-18.524600756913568,0.07142857142857142,0.0
dow,0,91141,14.274862484180982,0.35407774766570477,-0.0927302865878128,0.04369596168601019,0.033493889893355305,-19.76417987972372,0.14285714285714285,0.16666666666666666
ema20_rel,-0.891..-0.387,79809,12.5,0.3592201380796652,-0.09291444962135567,0.05658100024671178,0.03330972685981243,-18.573656337564557,0.2857142857142857,0.16666666666666666
dd_30d,-inf..-33.6,79771,12.494048290293074,0.33890762307104083,-0.0930649699961677,-0.01662582998766562,0.0331592064850004,-19.082228426369916,0.07142857142857142,0.16666666666666666
btc_ret_24h,-0.497..0.0405,73813,11.560882857823053,0.36133201468576,-0.09345809345787427,0.06373960132130303,0.03276608302329383,-17.870524730123076,0.07692307692307693,0.16666666666666666
rsi_1h,46.1..49.7,79809,12.5,0.35836810384793694,-0.09375204763923027,0.04744370903887996,0.03247212884193783,-18.833088846630396,0.07142857142857142,0.0
rsi,46.1..49.7,79809,12.5,0.35836810384793694,-0.09375204763923027,0.04744370903887996,0.03247212884193783,-18.833088846630396,0.07142857142857142,0.0
bb_pos,0.358..0.494,79776,12.494831409991354,0.356836642599278,-0.09457419017936576,0.04415429108973079,0.03164998630180234,-19.00425186562301,0.07142857142857142,0.0
dist_low_20,2.27..3.09,79776,12.494831409991354,0.3526248495788207,-0.09461516777179169,0.031295452650834464,0.03160900870937641,-19.077557452723767,0.07142857142857142,0.0
ema_stack,-1,252844,39.60142339836359,0.3544517568144785,-0.09531410212305205,0.03904223585776437,0.030910074358116046,-34.12529766731609,0.07142857142857142,0.16666666666666666
dist_low_20,1.65..2.27,79776,12.494831409991354,0.35642298435619735,-0.09535734340369932,0.04732416752392764,0.030866833077468778,-19.082704631010706,0.14285714285714285,0.16666666666666666
dist_low_20,4.3..6.59,79776,12.494831409991354,0.34491576413959085,-0.09638363049060682,-0.0028184711100193625,0.029840545990561282,-19.71609282387706,0.0,0.0
hour,5,26589,4.164473931511484,0.35601188461393807,-0.09712824913378955,0.04340088096311778,0.02909592734737855,-11.231108310291988,0.07142857142857142,0.0
bb_pos,0.238..0.358,79775,12.494674786051698,0.3547101222187402,-0.09758872003081295,0.03768307237033624,0.028635456450355146,-19.647369953999227,0.07142857142857142,0.0
ema200_rel,5.97..inf,79809,12.5,0.34194138505682314,-0.09893173069771292,-0.020427853187397448,0.027292445783455174,-20.405646553956476,0.14285714285714285,0.0
dd_30d,-20.5..-16.2,79770,12.493891666353418,0.3540428732606243,-0.09911705333450649,0.03409871419967915,0.02710712314666161,-20.01662990302666,0.14285714285714285,0.0
dow,3,91440,14.321693042138104,0.3531277340332458,-0.10006361501091265,0.027143960969503087,0.026160561470255445,-21.69641398606848,0.0,0.16666666666666666
ret_4,0.785..1.63,79794,12.49765064090516,0.35032709226257613,-0.1002303968203802,0.023113188427875984,0.025993779660787905,-20.249553588148533,0.0,0.0
ret_4,1.63..inf,79802,12.498903632422408,0.34242249567680005,-0.1009216368647433,-0.016293806400926664,0.0253025396164248,-20.77006996688715,0.0,0.0
dow,6,91095,14.267657782956809,0.35951479224984906,-0.10093654181745033,0.06938551199857639,0.025287634663717765,-21.1800608254819,0.2857142857142857,0.16666666666666666
dist_low_20,6.59..inf,79776,12.494831409991354,0.3400897513036502,-0.10288405303045906,-0.03802518684701476,0.023340123450709044,-21.531365213314082,0.0,0.0
hour,4,26599,4.166040170908043,0.35275762246701003,-0.10315780598793588,0.03594037026436793,0.02306637049323222,-11.954716092793864,0.0,0.0
ret_96,8.99..inf,79641,12.473687178137803,0.34007609146042866,-0.1034462578010808,-0.023974359263831457,0.0227779186800873,-21.315954316370412,0.0,0.0
rsi,36.5..42,79809,12.5,0.3513388214361789,-0.10460911047863346,0.028352251043955504,0.02161506600253464,-21.1126592114124,0.07142857142857142,0.0
rsi_1h,36.5..42,79809,12.5,0.3513388214361789,-0.10460911047863346,0.028352251043955504,0.02161506600253464,-21.1126592114124,0.07142857142857142,0.0
dow,2,91150,14.276272099637886,0.3487328579264948,-0.10574816064663493,0.022197804786561953,0.020476015834533165,-22.751968160376542,0.0,0.16666666666666666
hour,11,26612,4.16807628212357,0.3524725687659702,-0.10715021547442237,0.03766613655996612,0.01907396100674573,-12.382722467955368,0.07142857142857142,0.0
atr_pct,0.807..0.984,79809,12.5,0.35153930007893847,-0.10738454294529831,0.041660235477526196,0.018839633535869788,-21.479237312030364,0.07142857142857142,0.0
above_ema20_1d,0,362710,56.809069152601836,0.3515067133522649,-0.10751453965259083,0.03042964132230757,0.018709636828577264,-46.15482065450357,0.07142857142857142,0.16666666666666666
rsi,-inf..36.5,79809,12.5,0.3466526331616735,-0.10806472856944337,0.01603739337369344,0.018159447911724733,-21.916305004796445,0.14285714285714285,0.0
rsi_1h,-inf..36.5,79809,12.5,0.3466526331616735,-0.10806472856944337,0.01603739337369344,0.018159447911724733,-21.916305004796445,0.14285714285714285,0.0
hour,6,26602,4.166510042727011,0.3523795203368168,-0.10812368852068781,0.03348788881790345,0.01810048796048029,-12.510035128506251,0.0,0.0
wick_lower_pct,42.9..56,79834,12.503915598491398,0.3525690808427487,-0.10832362011927206,0.030793765544353174,0.01790055636189604,-21.818365071780043,0.07142857142857142,0.0
hour,12,26613,4.168232906063226,0.3520084169390899,-0.10837129511371031,0.035617571199727846,0.017852881367457787,-12.543708964001056,0.0,0.0
trend_4h,0,371838,58.238732473781155,0.3515536335716091,-0.10843601375036534,0.029582127974136934,0.017788162730802762,-47.131986406779426,0.07142857142857142,0.0
bb_pos,0.103..0.238,79776,12.494831409991354,0.35043120738066585,-0.10878899066515547,0.023417629270540107,0.017435185816012624,-21.998157967766737,0.14285714285714285,0.0
trend_1h,0,451784,70.76018995351401,0.3516968285729464,-0.10883372126524783,0.028884935085993216,0.017390455215920267,-52.2302738964119,0.07142857142857142,0.0
ema50_rel,2.84..inf,79809,12.5,0.33971106015612273,-0.10921882915397964,-0.025992938375296704,0.01700534732718846,-22.518172161942047,0.07142857142857142,0.0
btc_ret_24h,-inf..-2.55,73816,11.56135272964202,0.3401295112170803,-0.10937313256938898,-0.018848914646927416,0.01685104391177912,-21.74666922072933,0.07692307692307693,0.16666666666666666
hour,7,26587,4.164160683632172,0.35220220408470304,-0.10986405384373395,0.032611522326847525,0.016360122637434152,-12.715386153146996,0.07142857142857142,0.16666666666666666
wick_upper_pct,3.74..10,79805,12.499373504241376,0.3498778272038093,-0.10993413039028342,0.02127386205436603,0.016290046090884677,-22.233214302003113,0.0,0.0
dow,1,91146,14.275645603879262,0.34747547890198144,-0.11041847735662227,0.018482624928938634,0.015805699124545824,-23.751241091747048,0.07142857142857142,0.16666666666666666
ema20_rel,1.71..inf,79809,12.5,0.33928504304025864,-0.1108657885379528,-0.025329453865948585,0.015358387943215299,-22.829084460013103,0.0,0.0
ret_16,3.46..inf,79781,12.495614529689634,0.33909076095812285,-0.11134404113872745,-0.028376924205770097,0.014880135342440648,-22.99506689092335,0.0,0.0
hour,9,26612,4.16807628212357,0.3513828348113633,-0.11213261453403818,0.030880790317084735,0.014091561947129919,-12.9862858930247,0.0,0.0
bb_pos,-inf..0.103,79776,12.494831409991354,0.3479241877256318,-0.11266988628388319,0.019326705966959835,0.013554290197284907,-22.774687786105556,0.07142857142857142,0.0
wick_lower_pct,56..inf,79744,12.489819443922364,0.35220204654895665,-0.11388634035964536,0.028401970057121088,0.012337836121522741,-22.949346501658347,0.0,0.0
bb_width_pctile,0.107..0.231,79791,12.497180769086194,0.35542855710543797,-0.1139185141611665,0.05290412992606102,0.012305662320001604,-22.56274157838102,0.14285714285714285,0.16666666666666666
ret_16,-1.76..-0.758,79781,12.495614529689634,0.35175041676589663,-0.1140538516916753,0.03625721009637545,0.0121703247894928,-22.884345064980355,0.07142857142857142,0.0
bb_pos,0.494..0.633,79776,12.494831409991354,0.35191034897713597,-0.11547932415221153,0.026252726115881087,0.01074485232895657,-23.274074416556093,0.07142857142857142,0.0
vol_ratio,0.436..0.564,79776,12.494831409991354,0.3504061371841155,-0.11582295053888343,0.019377491216601147,0.010401225942284667,-23.48111642318492,0.0,0.0
wick_lower_pct,33.3..42.9,74272,11.632773246125124,0.3503473718224903,-0.11600123512459327,0.022701236260103393,0.010222941356574825,-22.597582877758594,0.07142857142857142,0.0
ret_96,4.3..8.99,79641,12.473687178137803,0.34516141183561233,-0.11616367093938754,0.009213663891577005,0.010060505541780562,-23.44316887271201,0.07142857142857142,0.0
body_pct,11.8..23.1,79745,12.48997606786202,0.349338516521412,-0.11659771676706088,0.021740214958781125,0.009626459714107222,-23.519447684763705,0.0,0.0
ret_1d_5,-5.37..-2.52,79562,12.461313886904986,0.3537744149216963,-0.1172728170084832,0.03870523066449347,0.008951359472684897,-23.505954392056275,0.14285714285714285,0.0
btc_ret_24h,-1.27..-0.497,73804,11.559473242366149,0.3480841146821311,-0.11748708610576311,0.018616241179608348,0.008737090375404988,-22.796360634015738,0.0,0.0
rsi,49.7..53.4,79809,12.5,0.3513388214361789,-0.11808068080864914,0.02535523623610161,0.008143495672518958,-23.783317254376,0.07142857142857142,0.0
rsi_1h,49.7..53.4,79809,12.5,0.3513388214361789,-0.11808068080864914,0.02535523623610161,0.008143495672518958,-23.783317254376,0.07142857142857142,0.0
ret_4,-0.796..-0.333,79802,12.498903632422408,0.35203378361444576,-0.11831160341579323,0.03565982213363749,0.007912573065374864,-23.72144849236466,0.07142857142857142,0.0
body_pct,-inf..11.8,79897,12.513782906689721,0.3496376584852998,-0.118392230432645,0.020998152432617948,0.007831946048523095,-23.91005418285211,0.0,0.0
hour,3,26588,4.164317307571828,0.34782608695652173,-0.1184981206986357,0.019128838419490476,0.0077260557825323956,-13.791757730439882,0.07142857142857142,0.0
wick_upper_pct,10..16.5,79806,12.499530128181032,0.34715434929704536,-0.11913939518968633,0.0149893563241757,0.007084781291481768,-24.106272301303655,0.0,0.0
hour,10,26612,4.16807628212357,0.34833909514504735,-0.1193218959052863,0.024586593099454535,0.006902280575881797,-13.832483294141666,0.0,0.0
consec_up,2,79639,12.473373930258493,0.3488491819334748,-0.11937826035059071,0.019524295919695664,0.00684591613057739,-24.071803324484367,0.0,0.0
wick_upper_pct,23.1..31,79790,12.497024145146538,0.3488908384509337,-0.11968456871892051,0.0185219616971075,0.006539607762247587,-24.174279270740225,0.0,0.0
wick_lower_pct,25..33.3,83575,13.089845756744227,0.34883637451390964,-0.1198268097357194,0.01899205826423207,0.006397366745448704,-24.76831515404905,0.07142857142857142,0.0
consec_down,2,78719,12.329279905775039,0.3476162044741422,-0.12060192924185915,0.015481339004586203,0.0056222472393089445,-24.21282887312777,0.0,0.0
hour,14,26605,4.166979914545979,0.3492952452546514,-0.1207668961600015,0.017752972907516353,0.005457280321166602,-14.08461390436805,0.0,0.0
vol_ratio,0.683..0.816,79776,12.494831409991354,0.3477988367428801,-0.12134414096290506,0.019270637088695804,0.0048800355182630345,-24.43448136704294,0.07142857142857142,0.0
wick_upper_pct,31..40,79889,12.512529915172474,0.3484960382530761,-0.12143668741215799,0.01879842188373313,0.004787489069010109,-24.526180286891147,0.07142857142857142,0.0
hour,15,26604,4.166823290606323,0.3490452563524282,-0.1215712351350558,0.014667080562906281,0.004652941346112299,-14.21902044186355,0.07142857142857142,0.0
dist_high_20,1.54..2.18,79776,12.494831409991354,0.3462570196550341,-0.12165686929980336,0.020479302255495043,0.004567307181364735,-24.491921964147927,0.0,0.0
body_pct,33.3..43.9,79779,12.495301281810322,0.3480991238295792,-0.12188746332741028,0.01606179979564795,0.004336713153757818,-24.630993017605586,0.0,0.0
bb_width_pctile,0.231..0.358,79189,12.402893157413324,0.34918991274040584,-0.12193073607893279,0.02874049692051021,0.00429344040223531,-24.315062279311658,0.07142857142857142,0.0
bb_width_pctile,0.489..0.618,78975,12.369375634326955,0.34524849635960747,-0.1222111425085163,0.009169690318984501,0.0040130339726518055,-24.60338174445962,0.07142857142857142,0.0
ret_1d_5,4.78..10.2,79548,12.459121151749804,0.3434404384773973,-0.12273972019960905,0.002387458502363682,0.0034844562815590507,-24.861759866676184,0.07142857142857142,0.0
hour,8,26600,4.166196794847699,0.3480075187969925,-0.12278885628599003,0.019805052097088185,0.0034353201951780737,-14.25263793987075,0.0,0.0
consec_up,1,166149,26.022910949892868,0.3473568905018989,-0.12322437853146694,0.015082111827089203,0.0029997979497011634,-35.95106189604668,0.0,0.0
consec_down,4,15362,2.4060569609943743,0.3438354380939982,-0.12361236938166793,0.008671450965928047,0.0026118070995001658,-10.987286957341661,0.07142857142857142,0.0
consec_down,5,11678,1.8290543673019333,0.3420962493577667,-0.1237711397890708,0.00407470911204431,0.002453036692097302,-9.60982383917937,0.0,0.16666666666666666
consec_up,0,327053,51.224329336290396,0.34673279254432765,-0.12471723608804372,0.013687799157804242,0.0015069403931243786,-51.05121904434226,0.0,0.0
consec_down,1,166094,26.014296633211792,0.34698423784122245,-0.1251246477583917,0.013196304491302054,0.0010995287227764106,-36.51404781485105,0.0,0.0
bullish,0,327366,51.2733526294027,0.34656928330981224,-0.12518385445554905,0.013252929022347214,0.0010403220256190449,-51.27054936083075,0.0,0.0
body_pct,53.8..64.6,79790,12.497024145146538,0.34618373229728033,-0.12561001286403142,0.010202135023027022,0.000614163617136676,-25.445738738643744,0.0,0.0
wick_lower_pct,11.5..18.1,79807,12.499686752120688,0.34528299522598266,-0.12633640249247163,0.009146218487382575,-0.00011222601130353449,-25.57437916008744,0.07142857142857142,0.0
ema_stack,0,176126,27.585547995840066,0.3480122185253739,-0.12672270393490034,0.016833019371954288,-0.0004985274537322448,-38.07196370489679,0.0,0.0
consec_down,3,35499,5.559993233845807,0.34375616214541255,-0.12698043231323194,0.006779872516534113,-0.0007562558320638457,-17.16197039743618,0.07142857142857142,0.0
bullish,1,311106,48.7266473705973,0.34648640656239355,-0.12731887108763276,0.011845645862843451,-0.0010946946064646634,-50.849610564407804,0.0,0.0
bb_width_pctile,0.358..0.489,80053,12.538216241276047,0.34500893158282636,-0.12745222527658584,0.012987418242018905,-0.001228048795417741,-25.727049984969003,0.0,0.0
vol_ratio,1.68..inf,79776,12.494831409991354,0.3445021058965102,-0.1275147546413188,0.007956571931782947,-0.0012905781601507127,-25.77146563080312,0.0,0.16666666666666666
hour,1,26613,4.168232906063226,0.3446811708563484,-0.12812468953674594,0.007714670298144045,-0.0019005130555778404,-14.991981759847338,0.07142857142857142,0.0
hour,13,26599,4.166040170908043,0.3455769013872702,-0.12816880844020243,0.013671259030863362,-0.0019446319590343264,-14.912987573987133,0.0,0.0
body_pct,43.9..53.8,79821,12.501879487275872,0.34611192543315666,-0.1281797008783803,0.010609557583837786,-0.001955524397212194,-25.956564632906343,0.0,0.0
consec_down,0,331120,51.861318898871055,0.3466205605218652,-0.12823893131773,0.012659559566446195,-0.0020147548365619106,-52.81029653538776,0.0,0.0
body_pct,64.6..76.5,79809,12.5,0.3453620518989086,-0.1282748188900333,0.010075244450245591,-0.002050642408865211,-25.95753102862003,0.07142857142857142,0.0
ret_96,-4.75..-2.25,79641,12.473687178137803,0.3483130548335656,-0.12869554890151003,0.024894890701615466,-0.0024713724203419274,-25.863031050522558,0.07142857142857142,0.0
dist_low_20,1.14..1.65,79775,12.494674786051698,0.3503478533375117,-0.1295012996790487,0.03363166139621566,-0.0032771231978805937,-25.930581176861438,0.21428571428571427,0.0
vol_ratio,0.564..0.683,79775,12.494674786051698,0.3448448762143529,-0.13082352726433666,0.0072608533157217615,-0.00459935078316856,-26.49079089385008,0.0,0.0
wick_lower_pct,18.1..25,81601,12.780670099863423,0.345473707430056,-0.13084334109227924,0.008084275104376044,-0.004619164611111143,-26.78733735560109,0.07142857142857142,0.0
wick_upper_pct,16.5..23.1,79826,12.50266260697415,0.34443664971312604,-0.131064802963351,0.006696621353191612,-0.0048406264821828915,-26.55613030730868,0.07142857142857142,0.0
hour,16,26602,4.166510042727011,0.34557552063754604,-0.1311179388991129,0.00365164561722179,-0.004893762417944814,-15.393789669775192,0.0,0.0
body_pct,23.1..33.3,79801,12.498747008482752,0.3452713625142542,-0.13154702413206884,0.009207973366214551,-0.005322847650900742,-26.60089606096206,0.0,0.0
btc_ret_24h,0.571..1.34,73805,11.559629866305805,0.34562699004132513,-0.1315560670648447,0.015300377474873499,-0.005331890583676613,-25.417797863477297,0.0,0.16666666666666666
wick_upper_pct,40..53.8,79725,12.486843589068902,0.34448416431483225,-0.13158690724873565,0.005774675042783831,-0.005362730767567547,-26.636361509148315,0.0,0.0
consec_up,3,36686,5.745905850217394,0.34560867906013193,-0.1318981896572232,0.007596203715127954,-0.005674013176055093,-18.100968202422596,0.0,0.0
hour,2,26589,4.164473931511484,0.3426981082402497,-0.1319780438618651,0.004299970203811348,-0.0057538673806969975,-15.435171016850934,0.07142857142857142,0.0
wick_upper_pct,-inf..3.74,79806,12.499530128181032,0.3493346364934967,-0.13200038242722129,0.021200950264752765,-0.005776205946053187,-26.597454756303406,0.0,0.0
ret_16,1.65..3.46,79778,12.495144657870666,0.34015643410464036,-0.13221739294005833,-0.006979339946394779,-0.005993216458890227,-26.89975767844621,0.0,0.0
ema20_rel,0.807..1.71,79809,12.5,0.34082622260647294,-0.13301304348982143,-0.0071646641938605884,-0.006788867008653332,-27.091590692369618,0.07142857142857142,0.0
hour,17,26603,4.166666666666667,0.3442468894485584,-0.13496298599040196,-0.000609774275902281,-0.008738809509233864,-15.882701310707533,0.0,0.0
ema200_rel,2.69..5.97,79809,12.5,0.33971106015612273,-0.13505954618131427,-0.006514795509633881,-0.008835369700146173,-27.378427686841228,0.07142857142857142,0.0
wick_lower_pct,4.82..11.5,79805,12.499373504241376,0.34098114153248543,-0.13598818275289595,-0.003494147506969453,-0.009764006271727854,-27.629408805337153,0.0,0.0
dd_30d,-12.2..-8.28,79768,12.493578418474106,0.3506794704643466,-0.13608072516272568,0.023996351167688924,-0.009856548681557581,-27.489018132755266,0.07142857142857142,0.0
rsi_1h,53.4..57.5,79809,12.5,0.3461263767244296,-0.13666143830885738,0.008491294189815899,-0.010437261827689281,-27.683530347418362,0.0,0.0
rsi,53.4..57.5,79809,12.5,0.3461263767244296,-0.13666143830885738,0.008491294189815899,-0.010437261827689281,-27.683530347418362,0.0,0.0
hour,0,26614,4.168389530002882,0.34293980611708125,-0.13825748166112387,-0.0017108354738308005,-0.012033305179955767,-16.25070001358368,0.07142857142857142,0.0
body_pct,76.5..inf,79802,12.498903632422408,0.3421593443773339,-0.13951682517710212,0.0014317710725024486,-0.013292648695934023,-28.268521207107725,0.0,0.0
ema20_rel,-0.387..-0.0201,79809,12.5,0.35554887293413023,-0.1402113622250882,0.049130279865604774,-0.013987185743920105,-27.885372078694733,0.07142857142857142,0.0
vol_ratio,0.981..1.22,79775,12.494674786051698,0.3418990911939831,-0.14084275416490508,0.002675494796696696,-0.014618577683736977,-28.445394608729213,0.0,0.0
bb_width_pctile,0.618..0.75,79996,12.529288676715659,0.3382669133456673,-0.14106042930236914,-0.01813861462833351,-0.014836252821201046,-28.89334886085259,0.07142857142857142,0.0
hour,21,26605,4.166979914545979,0.34237925202029695,-0.14108119728487278,-0.0045954641534858,-0.014857020803704685,-16.618942117048086,0.0,0.0
hour,18,26606,4.167136538485634,0.3420656994662858,-0.14167571376392243,-0.007072705572270177,-0.015451537282754335,-16.704403342287463,0.0,0.0
vol_ratio,1.22..1.68,79776,12.494831409991354,0.3410800240673887,-0.14219712395223036,0.00014211428579623885,-0.01597294747106226,-28.75180761313629,0.0,0.0
vol_ratio,0.816..0.981,79776,12.494831409991354,0.3418822703569996,-0.1423824496544381,0.0008802879561139982,-0.01615827317327001,-28.79991554375681,0.0,0.0
btc_ret_24h,2.72..inf,73812,11.560726233883397,0.33485070178290793,-0.14269229115469065,-0.030802232633355523,-0.01646811467352255,-28.175192506086287,0.0,0.0
btc_ret_24h,-2.55..-1.27,73820,11.561979225400645,0.3362232457328637,-0.1435602593150994,-0.021729498759691247,-0.017336082833931288,-28.3491380140563,0.0,0.0
bb_width_pctile,0.879..inf,79130,12.393652344973624,0.33472766333880954,-0.1445302612676312,-0.05255218430526479,-0.01830608478646309,-30.38395073202574,0.0,0.0
up_from_low_30d,17.3..23,79770,12.493891666353418,0.3361790146671681,-0.14511578099595832,-0.015235530025615823,-0.018891604514790217,-29.579690144817697,0.0,0.0
wick_upper_pct,53.8..inf,79797,12.498120512724128,0.33948644685890444,-0.14516821099837185,-0.006939599463097494,-0.01894403451720375,-29.46689935632544,0.0,0.0
hour,22,26606,4.167136538485634,0.3402615951289183,-0.14549005847380886,-0.008561874684886936,-0.01926588199264076,-17.1387237941864,0.0,0.0
ret_4,0.333..0.785,79785,12.496241025448258,0.34502726076330137,-0.14662368560179204,0.013111438514171517,-0.020399509120623938,-29.534868463704402,0.07142857142857142,0.0
bb_width_pctile,0.75..0.879,79436,12.441579270508338,0.3340173221209527,-0.14802703982502277,-0.03569399935295244,-0.021802863343854673,-30.547885184622213,0.0,0.0
bb_pos,0.633..0.758,79775,12.494674786051698,0.3410466938263867,-0.14803249593156168,-0.00488636745908906,-0.021808319450393576,-30.067407613831794,0.07142857142857142,0.0
above_ema20_1d,1,275471,43.14535328095829,0.3402100402583212,-0.15020181596809629,-0.010231837318149624,-0.023977639486928187,-56.77003441174375,0.0,0.0
hour,20,26605,4.166979914545979,0.3391843638413832,-0.15087557706587565,-0.015095988655660449,-0.02465140058470755,-17.832729070313384,0.0,0.0
trend_4h,1,266595,41.755159192572265,0.3395675087679814,-0.150924157161358,-0.011046515748873486,-0.024699980680189915,-56.148753018053654,0.0,0.0
hour,19,26603,4.166666666666667,0.3389091455850844,-0.15106440455690684,-0.015931347918369792,-0.02484022807573874,-17.861466557448498,0.0,0.0
ema50_rel,1.34..2.84,79809,12.5,0.3336967008733351,-0.15251895057062856,-0.026081331625052943,-0.02629477408946046,-31.164678646378036,0.0,0.0
up_from_low_30d,12.5..17.3,79758,12.492012179077548,0.3396022969482685,-0.15316517844656322,-0.006650373061865723,-0.026941001965395117,-31.152914987550798,0.07142857142857142,0.0
consec_up,4,16215,2.539657181520881,0.3390687634905951,-0.15435727085310424,-0.011649818569741009,-0.028133094371936146,-14.14648634922698,0.0,0.0
dist_high_20,1.02..1.54,79775,12.494674786051698,0.3420369790034472,-0.15442760541920061,0.008633027580775866,-0.028203428938032515,-31.088704003484754,0.0,0.0
ret_16,-0.758..-0.0275,79779,12.495301281810322,0.3508818110028955,-0.1556377904611006,0.03734091542757847,-0.0294136139799325,-30.98379505650895,0.07142857142857142,0.0
btc_trend_1h,1,200373,31.38320866067737,0.33517489881371243,-0.15755091663830784,-0.01803508645331292,-0.03132674015713974,-50.672411329200905,0.0,0.0
hour,23,26604,4.166823290606323,0.33645316493760336,-0.1576849631384094,-0.019670681654884347,-0.03146078665724131,-18.60199317348533,0.0,0.0
wick_lower_pct,-inf..4.82,79806,12.499530128181032,0.33665388567275645,-0.1582854829709339,-0.0137904487548817,-0.032061306489765795,-32.15408095579461,0.0,0.0
ema50_rel,-0.706..-0.0812,79809,12.5,0.34983523161548197,-0.15946165838718537,0.03000743338011496,-0.033237481906017274,-31.913283115088195,0.14285714285714285,0.16666666666666666
ret_1d_5,-2.52..-0.367,79563,12.461470510844642,0.3482397596872918,-0.16018833369813193,0.02516468150250699,-0.03396415721696383,-32.08306972239884,0.14285714285714285,0.0
ema200_rel,-1.84..-0.491,79809,12.5,0.34804345374581813,-0.1624178680799448,0.022226981519160343,-0.036193691598776695,-32.66347973818547,0.0,0.0
ema_stack,1,209502,32.81302860579634,0.33571994539431604,-0.16310985391950975,-0.02297122504314948,-0.036885677438341646,-53.84641906342701,0.0,0.0
bb_pos,0.758..0.894,79776,12.494831409991354,0.3357526073004412,-0.16436946083746237,-0.020665793571980753,-0.03814528435629427,-33.471662528573525,0.0,0.0
dow,5,91196,14.283476800862058,0.3367143295758586,-0.1653043928621537,-0.013212741828718231,-0.039080216380985605,-35.871865198709905,0.0,0.0
ret_16,0.681..1.65,79783,12.495927777568946,0.33983430054021535,-0.16534581085986405,-0.00022344288798235905,-0.03912163437869595,-33.34161911657867,0.0,0.0
bb_pos,0.894..inf,79776,12.494831409991354,0.33426093060569595,-0.1664780233897799,-0.022712545367961086,-0.04025384690861181,-33.7887662007395,0.0,0.0
rsi,57.5..63.2,79809,12.5,0.33576413687679335,-0.16705918851071117,-0.022663000908905835,-0.040835012029543066,-34.0726964480432,0.0,0.0
rsi_1h,57.5..63.2,79809,12.5,0.33576413687679335,-0.16705918851071117,-0.022663000908905835,-0.040835012029543066,-34.0726964480432,0.0,0.0
ret_96,1.65..4.3,79641,12.473687178137803,0.3407541341771198,-0.16798011897382711,0.0014167824819179607,-0.041755942492659015,-33.82324871576113,0.0,0.0
trend_1h,1,186688,29.239810046485985,0.3340225402811107,-0.1683089886772885,-0.026921610648541195,-0.0420848121961204,-52.443488946458814,0.0,0.0
ema20_rel,0.333..0.807,79809,12.5,0.33770627372852685,-0.17210332741526488,-0.00745410043127386,-0.04587915093409678,-34.803454679793646,0.0,0.0
dist_low_20,0.662..1.14,79774,12.494518162112042,0.34368340562087896,-0.17225218822211424,0.01568811147582225,-0.046028011740946145,-34.51567570036669,0.07142857142857142,0.0
ret_96,-2.25..-0.295,79641,12.473687178137803,0.34582689820569806,-0.17230321786084188,0.016803808505041602,-0.04607904137967378,-34.61918432223362,0.07142857142857142,0.0
atr_pct,0.597..0.807,79809,12.5,0.3434324449623476,-0.17361357777987438,0.016259016725781374,-0.04738940129870628,-35.007248578389174,0.07142857142857142,0.0
ema50_rel,0.533..1.34,79809,12.5,0.3377313335588718,-0.1758897874236261,-0.007948699200025762,-0.049665610942458,-35.57138208290745,0.0,0.0
ret_4,-0.333..0,84387,13.217024395744842,0.34325192268951377,-0.17720410493755656,0.013659248780492877,-0.05097992845638846,-36.50547672181138,0.07142857142857142,0.0
ret_16,-0.0275..0.681,79782,12.49577115362929,0.34717104108696195,-0.1775630483509958,0.02329270615654873,-0.05133887186982769,-35.410210410397674,0.07142857142857142,0.0
ret_1d_5,1.78..4.78,79570,12.462566878422233,0.3374890033932387,-0.1792302080386985,-0.008866494257110481,-0.05300603155753039,-36.22444163952662,0.07142857142857142,0.0
up_from_low_30d,-inf..5.06,79769,12.493735042413762,0.3422758214343918,-0.1832668058960275,0.013815508645906898,-0.05704262941485941,-36.600881106622566,0.14285714285714285,0.16666666666666666
ema200_rel,0.891..2.69,79809,12.5,0.3370296583092132,-0.1869827733746145,-0.00847446797985351,-0.0607585968934464,-37.74996821039945,0.14285714285714285,0.0
rsi_1h,63.2..inf,79809,12.5,0.32480046110087835,-0.1902979215803998,-0.04918675045452895,-0.0640737450992317,-38.86326170947507,0.0,0.0
rsi,63.2..inf,79809,12.5,0.32480046110087835,-0.1902979215803998,-0.04918675045452895,-0.0640737450992317,-38.86326170947507,0.0,0.0
ema50_rel,-0.0812..0.533,79809,12.5,0.3438960518237292,-0.19036129172729382,0.014094069421592276,-0.06413711524612573,-38.05111105891999,0.07142857142857142,0.0
dist_high_20,0.556..1.02,79775,12.494674786051698,0.33677217173299906,-0.19293953913008943,-0.0029559503400040706,-0.06671536264892133,-38.84426814867994,0.0,0.0
consec_up,5,12730,1.9938227518199703,0.3281225451688924,-0.19473397601319925,-0.047397614761538,-0.06850979953203115,-15.950517737952126,0.07142857142857142,0.0
ret_96,-0.295..1.65,79641,12.473687178137803,0.3412815007345463,-0.19614909947757472,0.004106870702507924,-0.06992492299640662,-39.45805982591329,0.07142857142857142,0.0
ret_4,0..0.333,75242,11.784698467591374,0.33897291406395363,-0.19824239963924717,-2.9644094360512953e-05,-0.07201822315807907,-38.66572898426772,0.0,0.0
up_from_low_30d,8.62..12.5,79779,12.495301281810322,0.3302498151142531,-0.19897670316733887,-0.03297424889188932,-0.07275252668617077,-40.63835892690761,0.0,0.0
ema20_rel,-0.0201..0.333,79809,12.5,0.3396108208347429,-0.2000616949535687,0.0014239732497983142,-0.07383751847240061,-40.10880796142362,0.07142857142857142,0.0
up_from_low_30d,5.06..8.62,79769,12.493735042413762,0.33523047800524014,-0.20118094831789315,-0.015381071249039957,-0.07495677183672506,-40.89492695378267,0.07142857142857142,0.0
ret_1d_5,-0.367..1.78,79554,12.460060895387738,0.3388013173441939,-0.20177090834002398,-0.0046508863039755625,-0.07554673185885588,-40.63464965427406,0.0,0.0
dow,4,91304,14.300392186344899,0.32608648032944887,-0.2082733870518441,-0.07956276637066517,-0.08204921057067599,-47.566205589979795,0.0,0.0
ema200_rel,-0.491..0.891,79809,12.5,0.3362026839078299,-0.2159390521101396,-0.011783697617413526,-0.08971487562897151,-43.58048671961238,0.0,0.0
dd_30d,-8.28..-4.52,79769,12.493735042413762,0.3248379696373278,-0.22278925164380103,-0.04730275249534519,-0.09656507516263294,-45.59457006979369,0.0,0.0
dist_low_20,-inf..0.662,79778,12.495144657870666,0.3350923813582692,-0.22805626815153016,-0.005657143681074199,-0.10183209167036206,-45.65419747204187,0.0,0.0
dd_30d,-4.52..inf,79769,12.493735042413762,0.3139189409419699,-0.27761497543379277,-0.07595967040989446,-0.15139079895262467,-56.81415255139982,0.0,0.0
dist_high_20,-inf..0.556,79777,12.49498803393101,0.3219223585745265,-0.278741541329132,-0.04898329594043549,-0.15251736484796388,-56.37084373669473,0.0,0.0
atr_pct,-inf..0.597,79809,12.5,0.31428786227117245,-0.3954839833843656,-0.059708797229719335,-0.2692598069031975,-80.21097326128705,0.07142857142857142,0.0
